fid,acquisitio,acres,address,borough,class,communityb,councildis,department,eapply,gisobjid,gispropnum,globalid,jurisdicti,location,mapped,name311,nys_assemb,nys_senate,objectid,omppropid,parentid,permit,permitdist,permitpare,pip_ratabl,precinct,retired,signname,subcategor,typecatego,url,us_congres,waterfront,zipcode,fid_2,area_id,city,state,city_surve,category,grade,label,residentia,commercial,industrial,fill
630,1934-08-16 00:00:00.0000000,635.514000000000010,,Q,PARK,411.000000000000000,1923.000000000000000,Q-07A,Alley Pond Park,100000043.000000000000000,Q001,6C233F68-A713-423B-B8DF-E8816161CCCD,DPR,"Little Neck Bay to Springfield Blvd, Union Tpke",Part,Alley Pond Park,,,69209.000000000000000,Q001,Q-11,T,Q-07A,Q-11,F,111.000000000000000,F,Alley Pond Park,Large Park,Flagship Park,http://www.nycgovparks.org/parks/Q001/,,T,113611136211363112681472.000000000000000,6665,2497,Queens,NY,1,Still Desirable,B,B11,1,0,0,#7cb5bd
630,1934-08-16 00:00:00.0000000,635.514000000000010,,Q,PARK,411.000000000000000,1923.000000000000000,Q-07A,Alley Pond Park,100000043.000000000000000,Q001,6C233F68-A713-423B-B8DF-E8816161CCCD,DPR,"Little Neck Bay to Springfield Blvd, Union Tpke",Part,Alley Pond Park,,,69209.000000000000000,Q001,Q-11,T,Q-07A,Q-11,F,111.000000000000000,F,Alley Pond Park,Large Park,Flagship Park,http://www.nycgovparks.org/parks/Q001/,,T,113611136211363112681472.000000000000000,6666,2591,Queens,NY,1,Still Desirable,B,B12,1,0,0,#7cb5bd
630,1934-08-16 00:00:00.0000000,635.514000000000010,,Q,PARK,411.000000000000000,1923.000000000000000,Q-07A,Alley Pond Park,100000043.000000000000000,Q001,6C233F68-A713-423B-B8DF-E8816161CCCD,DPR,"Little Neck Bay to Springfield Blvd, Union Tpke",Part,Alley Pond Park,,,69209.000000000000000,Q001,Q-11,T,Q-07A,Q-11,F,111.000000000000000,F,Alley Pond Park,Large Park,Flagship Park,http://www.nycgovparks.org/parks/Q001/,,T,113611136211363112681472.000000000000000,6667,2589,Queens,NY,1,Still Desirable,B,B13,1,0,0,#7cb5bd
630,1934-08-16 00:00:00.0000000,635.514000000000010,,Q,PARK,411.000000000000000,1923.000000000000000,Q-07A,Alley Pond Park,100000043.000000000000000,Q001,6C233F68-A713-423B-B8DF-E8816161CCCD,DPR,"Little Neck Bay to Springfield Blvd, Union Tpke",Part,Alley Pond Park,,,69209.000000000000000,Q001,Q-11,T,Q-07A,Q-11,F,111.000000000000000,F,Alley Pond Park,Large Park,Flagship Park,http://www.nycgovparks.org/parks/Q001/,,T,113611136211363112681472.000000000000000,6734,2595,Queens,NY,1,Definitely Declining,C,C50,1,0,0,#ffff00
630,1934-08-16 00:00:00.0000000,635.514000000000010,,Q,PARK,411.000000000000000,1923.000000000000000,Q-07A,Alley Pond Park,100000043.000000000000000,Q001,6C233F68-A713-423B-B8DF-E8816161CCCD,DPR,"Little Neck Bay to Springfield Blvd, Union Tpke",Part,Alley Pond Park,,,69209.000000000000000,Q001,Q-11,T,Q-07A,Q-11,F,111.000000000000000,F,Alley Pond Park,Large Park,Flagship Park,http://www.nycgovparks.org/parks/Q001/,,T,113611136211363112681472.000000000000000,6735,2498,Queens,NY,1,Definitely Declining,C,C51,1,0,0,#ffff00
630,1934-08-16 00:00:00.0000000,635.514000000000010,,Q,PARK,411.000000000000000,1923.000000000000000,Q-07A,Alley Pond Park,100000043.000000000000000,Q001,6C233F68-A713-423B-B8DF-E8816161CCCD,DPR,"Little Neck Bay to Springfield Blvd, Union Tpke",Part,Alley Pond Park,,,69209.000000000000000,Q001,Q-11,T,Q-07A,Q-11,F,111.000000000000000,F,Alley Pond Park,Large Park,Flagship Park,http://www.nycgovparks.org/parks/Q001/,,T,113611136211363112681472.000000000000000,6753,2560,Queens,NY,1,Definitely Declining,C,C68,1,0,0,#ffff00
630,1934-08-16 00:00:00.0000000,635.514000000000010,,Q,PARK,411.000000000000000,1923.000000000000000,Q-07A,Alley Pond Park,100000043.000000000000000,Q001,6C233F68-A713-423B-B8DF-E8816161CCCD,DPR,"Little Neck Bay to Springfield Blvd, Union Tpke",Part,Alley Pond Park,,,69209.000000000000000,Q001,Q-11,T,Q-07A,Q-11,F,111.000000000000000,F,Alley Pond Park,Large Park,Flagship Park,http://www.nycgovparks.org/parks/Q001/,,T,113611136211363112681472.000000000000000,6823,11398,Queens,NY,1,Industrial and Commercial,,Industrial and Commercial,0,1,1,#000000
721,1870-08-16 00:00:00.0000000,29.888000000000002,,M,PARK,109.000000000000000,7.000000000000002,M-09,Morningside Park,100005044.000000000000000,M056,D52FD362-4EAB-42D1-AD13-BFA798AB246B,DPR,"W 110 St To W 123 St, Manhattan Av To Morningside Av",True,Morningside Park,70.000000000000000,30.000000000000000,6247.000000000000000,M056,M-09,T,M-09,M-09,F,26.000000000000000,F,Morningside Park,Large Park,Community Park,http://www.nycgovparks.org/parks/M056/,13.000000000000000,F,10026.000000000000000,6582,2666,Manhattan,NY,1,Still Desirable,B,B6,1,0,0,#7cb5bd
721,1870-08-16 00:00:00.0000000,29.888000000000002,,M,PARK,109.000000000000000,7.000000000000002,M-09,Morningside Park,100005044.000000000000000,M056,D52FD362-4EAB-42D1-AD13-BFA798AB246B,DPR,"W 110 St To W 123 St, Manhattan Av To Morningside Av",True,Morningside Park,70.000000000000000,30.000000000000000,6247.000000000000000,M056,M-09,T,M-09,M-09,F,26.000000000000000,F,Morningside Park,Large Park,Community Park,http://www.nycgovparks.org/parks/M056/,13.000000000000000,F,10026.000000000000000,6583,2648,Manhattan,NY,1,Still Desirable,B,B7,1,0,0,#7cb5bd
721,1870-08-16 00:00:00.0000000,29.888000000000002,,M,PARK,109.000000000000000,7.000000000000002,M-09,Morningside Park,100005044.000000000000000,M056,D52FD362-4EAB-42D1-AD13-BFA798AB246B,DPR,"W 110 St To W 123 St, Manhattan Av To Morningside Av",True,Morningside Park,70.000000000000000,30.000000000000000,6247.000000000000000,M056,M-09,T,M-09,M-09,F,26.000000000000000,F,Morningside Park,Large Park,Community Park,http://www.nycgovparks.org/parks/M056/,13.000000000000000,F,10026.000000000000000,6589,2667,Manhattan,NY,1,Definitely Declining,C,C4,1,0,0,#ffff00
721,1870-08-16 00:00:00.0000000,29.888000000000002,,M,PARK,109.000000000000000,7.000000000000002,M-09,Morningside Park,100005044.000000000000000,M056,D52FD362-4EAB-42D1-AD13-BFA798AB246B,DPR,"W 110 St To W 123 St, Manhattan Av To Morningside Av",True,Morningside Park,70.000000000000000,30.000000000000000,6247.000000000000000,M056,M-09,T,M-09,M-09,F,26.000000000000000,F,Morningside Park,Large Park,Community Park,http://www.nycgovparks.org/parks/M056/,13.000000000000000,F,10026.000000000000000,6605,2652,Manhattan,NY,1,Hazardous,D,D21,1,0,0,#d9838d
721,1870-08-16 00:00:00.0000000,29.888000000000002,,M,PARK,109.000000000000000,7.000000000000002,M-09,Morningside Park,100005044.000000000000000,M056,D52FD362-4EAB-42D1-AD13-BFA798AB246B,DPR,"W 110 St To W 123 St, Manhattan Av To Morningside Av",True,Morningside Park,70.000000000000000,30.000000000000000,6247.000000000000000,M056,M-09,T,M-09,M-09,F,26.000000000000000,F,Morningside Park,Large Park,Community Park,http://www.nycgovparks.org/parks/M056/,13.000000000000000,F,10026.000000000000000,6606,2649,Manhattan,NY,1,Hazardous,D,D22,1,0,0,#d9838d
721,1870-08-16 00:00:00.0000000,29.888000000000002,,M,PARK,109.000000000000000,7.000000000000002,M-09,Morningside Park,100005044.000000000000000,M056,D52FD362-4EAB-42D1-AD13-BFA798AB246B,DPR,"W 110 St To W 123 St, Manhattan Av To Morningside Av",True,Morningside Park,70.000000000000000,30.000000000000000,6247.000000000000000,M056,M-09,T,M-09,M-09,F,26.000000000000000,F,Morningside Park,Large Park,Community Park,http://www.nycgovparks.org/parks/M056/,13.000000000000000,F,10026.000000000000000,6607,2651,Manhattan,NY,1,Hazardous,D,D23,1,0,0,#d9838d
721,1870-08-16 00:00:00.0000000,29.888000000000002,,M,PARK,109.000000000000000,7.000000000000002,M-09,Morningside Park,100005044.000000000000000,M056,D52FD362-4EAB-42D1-AD13-BFA798AB246B,DPR,"W 110 St To W 123 St, Manhattan Av To Morningside Av",True,Morningside Park,70.000000000000000,30.000000000000000,6247.000000000000000,M056,M-09,T,M-09,M-09,F,26.000000000000000,F,Morningside Park,Large Park,Community Park,http://www.nycgovparks.org/parks/M056/,13.000000000000000,F,10026.000000000000000,6610,2650,Manhattan,NY,1,Hazardous,D,D26,1,0,0,#d9838d
721,1870-08-16 00:00:00.0000000,29.888000000000002,,M,PARK,109.000000000000000,7.000000000000002,M-09,Morningside Park,100005044.000000000000000,M056,D52FD362-4EAB-42D1-AD13-BFA798AB246B,DPR,"W 110 St To W 123 St, Manhattan Av To Morningside Av",True,Morningside Park,70.000000000000000,30.000000000000000,6247.000000000000000,M056,M-09,T,M-09,M-09,F,26.000000000000000,F,Morningside Park,Large Park,Community Park,http://www.nycgovparks.org/parks/M056/,13.000000000000000,F,10026.000000000000000,6619,11392,Manhattan,NY,1,Industrial and Commercial,,Industrial and Commercial,0,1,1,#000000
1398,1899-12-08 00:00:00.0000000,130.099999999999994,506 EDGECOMBE AVENUE,M,PARK,110112.000000000000000,9.999999999999998,M-12A,Highbridge Park,100005220.000000000000000,M037,973BC655-2F98-419F-890B-BA8241C9C417,DPR,"W 155 St and Dyckman St, Edgecombe Av & Amsterdam Av",True,Highbridge Park,,,6596.000000000000000,M037,M-12A,T,M-12A,M-12A,F,32.000000000000000,F,Highbridge Park,Large Park,Community Park,http://www.nycgovparks.org/parks/M037/,,T,100321003310039106060288.000000000000000,6302,2748,Bronx,NY,1,Definitely Declining,C,C2,1,0,0,#ffff00
1398,1899-12-08 00:00:00.0000000,130.099999999999994,506 EDGECOMBE AVENUE,M,PARK,110112.000000000000000,9.999999999999998,M-12A,Highbridge Park,100005220.000000000000000,M037,973BC655-2F98-419F-890B-BA8241C9C417,DPR,"W 155 St and Dyckman St, Edgecombe Av & Amsterdam Av",True,Highbridge Park,,,6596.000000000000000,M037,M-12A,T,M-12A,M-12A,F,32.000000000000000,F,Highbridge Park,Large Park,Community Park,http://www.nycgovparks.org/parks/M037/,,T,100321003310039106060288.000000000000000,6322,11383,Bronx,NY,1,Industrial,,Industrial,0,0,1,#000000
1398,1899-12-08 00:00:00.0000000,130.099999999999994,506 EDGECOMBE AVENUE,M,PARK,110112.000000000000000,9.999999999999998,M-12A,Highbridge Park,100005220.000000000000000,M037,973BC655-2F98-419F-890B-BA8241C9C417,DPR,"W 155 St and Dyckman St, Edgecombe Av & Amsterdam Av",True,Highbridge Park,,,6596.000000000000000,M037,M-12A,T,M-12A,M-12A,F,32.000000000000000,F,Highbridge Park,Large Park,Community Park,http://www.nycgovparks.org/parks/M037/,,T,100321003310039106060288.000000000000000,6573,2660,Manhattan,NY,1,Best,A,A8,1,0,0,#76a865
1398,1899-12-08 00:00:00.0000000,130.099999999999994,506 EDGECOMBE AVENUE,M,PARK,110112.000000000000000,9.999999999999998,M-12A,Highbridge Park,100005220.000000000000000,M037,973BC655-2F98-419F-890B-BA8241C9C417,DPR,"W 155 St and Dyckman St, Edgecombe Av & Amsterdam Av",True,Highbridge Park,,,6596.000000000000000,M037,M-12A,T,M-12A,M-12A,F,32.000000000000000,F,Highbridge Park,Large Park,Community Park,http://www.nycgovparks.org/parks/M037/,,T,100321003310039106060288.000000000000000,6575,2661,Manhattan,NY,1,Still Desirable,B,B10,1,0,0,#7cb5bd
1398,1899-12-08 00:00:00.0000000,130.099999999999994,506 EDGECOMBE AVENUE,M,PARK,110112.000000000000000,9.999999999999998,M-12A,Highbridge Park,100005220.000000000000000,M037,973BC655-2F98-419F-890B-BA8241C9C417,DPR,"W 155 St and Dyckman St, Edgecombe Av & Amsterdam Av",True,Highbridge Park,,,6596.000000000000000,M037,M-12A,T,M-12A,M-12A,F,32.000000000000000,F,Highbridge Park,Large Park,Community Park,http://www.nycgovparks.org/parks/M037/,,T,100321003310039106060288.000000000000000,6576,2662,Manhattan,NY,1,Still Desirable,B,B11,1,0,0,#7cb5bd
1398,1899-12-08 00:00:00.0000000,130.099999999999994,506 EDGECOMBE AVENUE,M,PARK,110112.000000000000000,9.999999999999998,M-12A,Highbridge Park,100005220.000000000000000,M037,973BC655-2F98-419F-890B-BA8241C9C417,DPR,"W 155 St and Dyckman St, Edgecombe Av & Amsterdam Av",True,Highbridge Park,,,6596.000000000000000,M037,M-12A,T,M-12A,M-12A,F,32.000000000000000,F,Highbridge Park,Large Park,Community Park,http://www.nycgovparks.org/parks/M037/,,T,100321003310039106060288.000000000000000,6584,2657,Manhattan,NY,1,Still Desirable,B,B8,1,0,0,#7cb5bd
1398,1899-12-08 00:00:00.0000000,130.099999999999994,506 EDGECOMBE AVENUE,M,PARK,110112.000000000000000,9.999999999999998,M-12A,Highbridge Park,100005220.000000000000000,M037,973BC655-2F98-419F-890B-BA8241C9C417,DPR,"W 155 St and Dyckman St, Edgecombe Av & Amsterdam Av",True,Highbridge Park,,,6596.000000000000000,M037,M-12A,T,M-12A,M-12A,F,32.000000000000000,F,Highbridge Park,Large Park,Community Park,http://www.nycgovparks.org/parks/M037/,,T,100321003310039106060288.000000000000000,6585,2658,Manhattan,NY,1,Still Desirable,B,B9,1,0,0,#7cb5bd
1398,1899-12-08 00:00:00.0000000,130.099999999999994,506 EDGECOMBE AVENUE,M,PARK,110112.000000000000000,9.999999999999998,M-12A,Highbridge Park,100005220.000000000000000,M037,973BC655-2F98-419F-890B-BA8241C9C417,DPR,"W 155 St and Dyckman St, Edgecombe Av & Amsterdam Av",True,Highbridge Park,,,6596.000000000000000,M037,M-12A,T,M-12A,M-12A,F,32.000000000000000,F,Highbridge Park,Large Park,Community Park,http://www.nycgovparks.org/parks/M037/,,T,100321003310039106060288.000000000000000,6590,2656,Manhattan,NY,1,Definitely Declining,C,C5,1,0,0,#ffff00
1398,1899-12-08 00:00:00.0000000,130.099999999999994,506 EDGECOMBE AVENUE,M,PARK,110112.000000000000000,9.999999999999998,M-12A,Highbridge Park,100005220.000000000000000,M037,973BC655-2F98-419F-890B-BA8241C9C417,DPR,"W 155 St and Dyckman St, Edgecombe Av & Amsterdam Av",True,Highbridge Park,,,6596.000000000000000,M037,M-12A,T,M-12A,M-12A,F,32.000000000000000,F,Highbridge Park,Large Park,Community Park,http://www.nycgovparks.org/parks/M037/,,T,100321003310039106060288.000000000000000,6591,2659,Manhattan,NY,1,Definitely Declining,C,C6,1,0,0,#ffff00
1398,1899-12-08 00:00:00.0000000,130.099999999999994,506 EDGECOMBE AVENUE,M,PARK,110112.000000000000000,9.999999999999998,M-12A,Highbridge Park,100005220.000000000000000,M037,973BC655-2F98-419F-890B-BA8241C9C417,DPR,"W 155 St and Dyckman St, Edgecombe Av & Amsterdam Av",True,Highbridge Park,,,6596.000000000000000,M037,M-12A,T,M-12A,M-12A,F,32.000000000000000,F,Highbridge Park,Large Park,Community Park,http://www.nycgovparks.org/parks/M037/,,T,100321003310039106060288.000000000000000,6611,2655,Manhattan,NY,1,Hazardous,D,D27,1,0,0,#d9838d
1430,1895-08-08 00:00:00.0000000,506.860000000000014,80-30 PARK LANE,Q,PARK,305405406409.000000000000000,293037.000000000000000,Q-16,Forest Park,100000041.000000000000000,Q015,8284BCBC-1FBC-4338-A70A-C5C99F5D2DE6,DPR,"Myrtle Ave, Union Tpke, Park Lane S",Part,Forest Park,,,69222.000000000000000,Q015,Q-16,T,Q-16,Q-16,F,75.000000000000000,F,Forest Park,Flagship Park,Flagship Park,http://www.nycgovparks.org/parks/Q015/,,F,11375113851141511168.000000000000000,6364,2730,Brooklyn,NY,1,Definitely Declining,C,C7,1,0,0,#ffff00
1430,1895-08-08 00:00:00.0000000,506.860000000000014,80-30 PARK LANE,Q,PARK,305405406409.000000000000000,293037.000000000000000,Q-16,Forest Park,100000041.000000000000000,Q015,8284BCBC-1FBC-4338-A70A-C5C99F5D2DE6,DPR,"Myrtle Ave, Union Tpke, Park Lane S",Part,Forest Park,,,69222.000000000000000,Q015,Q-16,T,Q-16,Q-16,F,75.000000000000000,F,Forest Park,Flagship Park,Flagship Park,http://www.nycgovparks.org/parks/Q015/,,F,11375113851141511168.000000000000000,6674,2511,Queens,NY,1,Still Desirable,B,B4,1,0,0,#7cb5bd
1430,1895-08-08 00:00:00.0000000,506.860000000000014,80-30 PARK LANE,Q,PARK,305405406409.000000000000000,293037.000000000000000,Q-16,Forest Park,100000041.000000000000000,Q015,8284BCBC-1FBC-4338-A70A-C5C99F5D2DE6,DPR,"Myrtle Ave, Union Tpke, Park Lane S",Part,Forest Park,,,69222.000000000000000,Q015,Q-16,T,Q-16,Q-16,F,75.000000000000000,F,Forest Park,Flagship Park,Flagship Park,http://www.nycgovparks.org/parks/Q015/,,F,11375113851141511168.000000000000000,6675,2512,Queens,NY,1,Still Desirable,B,B5,1,0,0,#7cb5bd
1430,1895-08-08 00:00:00.0000000,506.860000000000014,80-30 PARK LANE,Q,PARK,305405406409.000000000000000,293037.000000000000000,Q-16,Forest Park,100000041.000000000000000,Q015,8284BCBC-1FBC-4338-A70A-C5C99F5D2DE6,DPR,"Myrtle Ave, Union Tpke, Park Lane S",Part,Forest Park,,,69222.000000000000000,Q015,Q-16,T,Q-16,Q-16,F,75.000000000000000,F,Forest Park,Flagship Park,Flagship Park,http://www.nycgovparks.org/parks/Q015/,,F,11375113851141511168.000000000000000,6676,2504,Queens,NY,1,Still Desirable,B,B6,1,0,0,#7cb5bd
1430,1895-08-08 00:00:00.0000000,506.860000000000014,80-30 PARK LANE,Q,PARK,305405406409.000000000000000,293037.000000000000000,Q-16,Forest Park,100000041.000000000000000,Q015,8284BCBC-1FBC-4338-A70A-C5C99F5D2DE6,DPR,"Myrtle Ave, Union Tpke, Park Lane S",Part,Forest Park,,,69222.000000000000000,Q015,Q-16,T,Q-16,Q-16,F,75.000000000000000,F,Forest Park,Flagship Park,Flagship Park,http://www.nycgovparks.org/parks/Q015/,,F,11375113851141511168.000000000000000,6717,2450,Queens,NY,1,Definitely Declining,C,C35,1,0,0,#ffff00
1430,1895-08-08 00:00:00.0000000,506.860000000000014,80-30 PARK LANE,Q,PARK,305405406409.000000000000000,293037.000000000000000,Q-16,Forest Park,100000041.000000000000000,Q015,8284BCBC-1FBC-4338-A70A-C5C99F5D2DE6,DPR,"Myrtle Ave, Union Tpke, Park Lane S",Part,Forest Park,,,69222.000000000000000,Q015,Q-16,T,Q-16,Q-16,F,75.000000000000000,F,Forest Park,Flagship Park,Flagship Park,http://www.nycgovparks.org/parks/Q015/,,F,11375113851141511168.000000000000000,6718,2510,Queens,NY,1,Definitely Declining,C,C36,1,0,0,#ffff00
1430,1895-08-08 00:00:00.0000000,506.860000000000014,80-30 PARK LANE,Q,PARK,305405406409.000000000000000,293037.000000000000000,Q-16,Forest Park,100000041.000000000000000,Q015,8284BCBC-1FBC-4338-A70A-C5C99F5D2DE6,DPR,"Myrtle Ave, Union Tpke, Park Lane S",Part,Forest Park,,,69222.000000000000000,Q015,Q-16,T,Q-16,Q-16,F,75.000000000000000,F,Forest Park,Flagship Park,Flagship Park,http://www.nycgovparks.org/parks/Q015/,,F,11375113851141511168.000000000000000,6739,2509,Queens,NY,1,Definitely Declining,C,C55,1,0,0,#ffff00
1430,1895-08-08 00:00:00.0000000,506.860000000000014,80-30 PARK LANE,Q,PARK,305405406409.000000000000000,293037.000000000000000,Q-16,Forest Park,100000041.000000000000000,Q015,8284BCBC-1FBC-4338-A70A-C5C99F5D2DE6,DPR,"Myrtle Ave, Union Tpke, Park Lane S",Part,Forest Park,,,69222.000000000000000,Q015,Q-16,T,Q-16,Q-16,F,75.000000000000000,F,Forest Park,Flagship Park,Flagship Park,http://www.nycgovparks.org/parks/Q015/,,F,11375113851141511168.000000000000000,6740,2508,Queens,NY,1,Definitely Declining,C,C56,1,0,0,#ffff00
1430,1895-08-08 00:00:00.0000000,506.860000000000014,80-30 PARK LANE,Q,PARK,305405406409.000000000000000,293037.000000000000000,Q-16,Forest Park,100000041.000000000000000,Q015,8284BCBC-1FBC-4338-A70A-C5C99F5D2DE6,DPR,"Myrtle Ave, Union Tpke, Park Lane S",Part,Forest Park,,,69222.000000000000000,Q015,Q-16,T,Q-16,Q-16,F,75.000000000000000,F,Forest Park,Flagship Park,Flagship Park,http://www.nycgovparks.org/parks/Q015/,,F,11375113851141511168.000000000000000,6741,2505,Queens,NY,1,Definitely Declining,C,C57,1,0,0,#ffff00
1430,1895-08-08 00:00:00.0000000,506.860000000000014,80-30 PARK LANE,Q,PARK,305405406409.000000000000000,293037.000000000000000,Q-16,Forest Park,100000041.000000000000000,Q015,8284BCBC-1FBC-4338-A70A-C5C99F5D2DE6,DPR,"Myrtle Ave, Union Tpke, Park Lane S",Part,Forest Park,,,69222.000000000000000,Q015,Q-16,T,Q-16,Q-16,F,75.000000000000000,F,Forest Park,Flagship Park,Flagship Park,http://www.nycgovparks.org/parks/Q015/,,F,11375113851141511168.000000000000000,6742,2503,Queens,NY,1,Definitely Declining,C,C58,1,0,0,#ffff00
1430,1895-08-08 00:00:00.0000000,506.860000000000014,80-30 PARK LANE,Q,PARK,305405406409.000000000000000,293037.000000000000000,Q-16,Forest Park,100000041.000000000000000,Q015,8284BCBC-1FBC-4338-A70A-C5C99F5D2DE6,DPR,"Myrtle Ave, Union Tpke, Park Lane S",Part,Forest Park,,,69222.000000000000000,Q015,Q-16,T,Q-16,Q-16,F,75.000000000000000,F,Forest Park,Flagship Park,Flagship Park,http://www.nycgovparks.org/parks/Q015/,,F,11375113851141511168.000000000000000,6823,11398,Queens,NY,1,Industrial and Commercial,,Industrial and Commercial,0,1,1,#000000
1541,1888-12-12 00:00:00.0000000,2771.746999999999844,,X,PARK,210212.000000000000000,1213.000000000000000,X-15,Pelham Bay Park and Orchard Beach,100005183.000000000000000,X039,10860A90-7D19-42D1-86FD-464D4CF37657,DPR,"Bruckner Blvd, Eastchester, Hutchinson",Part,Pelham Bay Park,82.000000000000000,34.000000000000000,6434.000000000000000,X039,X-15,T,X-15,X-15,F,45.000000000000000,F,Pelham Bay Park,Flagship Park,Flagship Park,http://www.nycgovparks.org/parks/X039/,14.000000000000002,T,104611046410464079642624.000000000000000,6282,2775,Bronx,NY,1,Still Desirable,B,B11,1,0,0,#7cb5bd
1541,1888-12-12 00:00:00.0000000,2771.746999999999844,,X,PARK,210212.000000000000000,1213.000000000000000,X-15,Pelham Bay Park and Orchard Beach,100005183.000000000000000,X039,10860A90-7D19-42D1-86FD-464D4CF37657,DPR,"Bruckner Blvd, Eastchester, Hutchinson",Part,Pelham Bay Park,82.000000000000000,34.000000000000000,6434.000000000000000,X039,X-15,T,X-15,X-15,F,45.000000000000000,F,Pelham Bay Park,Flagship Park,Flagship Park,http://www.nycgovparks.org/parks/X039/,14.000000000000002,T,104611046410464079642624.000000000000000,6295,2766,Bronx,NY,1,Definitely Declining,C,C13,1,0,0,#ffff00
1541,1888-12-12 00:00:00.0000000,2771.746999999999844,,X,PARK,210212.000000000000000,1213.000000000000000,X-15,Pelham Bay Park and Orchard Beach,100005183.000000000000000,X039,10860A90-7D19-42D1-86FD-464D4CF37657,DPR,"Bruckner Blvd, Eastchester, Hutchinson",Part,Pelham Bay Park,82.000000000000000,34.000000000000000,6434.000000000000000,X039,X-15,T,X-15,X-15,F,45.000000000000000,F,Pelham Bay Park,Flagship Park,Flagship Park,http://www.nycgovparks.org/parks/X039/,14.000000000000002,T,104611046410464079642624.000000000000000,6296,2765,Bronx,NY,1,Definitely Declining,C,C14,1,0,0,#ffff00
1541,1888-12-12 00:00:00.0000000,2771.746999999999844,,X,PARK,210212.000000000000000,1213.000000000000000,X-15,Pelham Bay Park and Orchard Beach,100005183.000000000000000,X039,10860A90-7D19-42D1-86FD-464D4CF37657,DPR,"Bruckner Blvd, Eastchester, Hutchinson",Part,Pelham Bay Park,82.000000000000000,34.000000000000000,6434.000000000000000,X039,X-15,T,X-15,X-15,F,45.000000000000000,F,Pelham Bay Park,Flagship Park,Flagship Park,http://www.nycgovparks.org/parks/X039/,14.000000000000002,T,104611046410464079642624.000000000000000,6297,2762,Bronx,NY,1,Definitely Declining,C,C15,1,0,0,#ffff00
1541,1888-12-12 00:00:00.0000000,2771.746999999999844,,X,PARK,210212.000000000000000,1213.000000000000000,X-15,Pelham Bay Park and Orchard Beach,100005183.000000000000000,X039,10860A90-7D19-42D1-86FD-464D4CF37657,DPR,"Bruckner Blvd, Eastchester, Hutchinson",Part,Pelham Bay Park,82.000000000000000,34.000000000000000,6434.000000000000000,X039,X-15,T,X-15,X-15,F,45.000000000000000,F,Pelham Bay Park,Flagship Park,Flagship Park,http://www.nycgovparks.org/parks/X039/,14.000000000000002,T,104611046410464079642624.000000000000000,6304,2776,Bronx,NY,1,Definitely Declining,C,C21,1,0,0,#ffff00
1541,1888-12-12 00:00:00.0000000,2771.746999999999844,,X,PARK,210212.000000000000000,1213.000000000000000,X-15,Pelham Bay Park and Orchard Beach,100005183.000000000000000,X039,10860A90-7D19-42D1-86FD-464D4CF37657,DPR,"Bruckner Blvd, Eastchester, Hutchinson",Part,Pelham Bay Park,82.000000000000000,34.000000000000000,6434.000000000000000,X039,X-15,T,X-15,X-15,F,45.000000000000000,F,Pelham Bay Park,Flagship Park,Flagship Park,http://www.nycgovparks.org/parks/X039/,14.000000000000002,T,104611046410464079642624.000000000000000,6306,2777,Bronx,NY,1,Definitely Declining,C,C23,1,0,0,#ffff00
1549,1915-05-21 00:00:00.0000000,196.397999999999996,269 DYCKMAN STREET,M,PARK,112.000000000000014,9.999999999999998,M-12,Inwood Hill Park,100004337.000000000000000,M042,B2B11A75-EF65-4990-B9C7-C19591B33336,DPR,"Dyckman St, Hudson River, Harlem River S",True,Inwood Hill Park,,31.000000000000000,6326.000000000000000,M042,M-12,T,M-12,M-12,F,34.000000000000000,F,Inwood Hill Park,Large Park,Community Park,http://www.nycgovparks.org/parks/M042/,13.000000000000000,T,1003310034.000000000000000,6278,2736,Bronx,NY,1,Best,A,A1,1,0,0,#76a865
1549,1915-05-21 00:00:00.0000000,196.397999999999996,269 DYCKMAN STREET,M,PARK,112.000000000000014,9.999999999999998,M-12,Inwood Hill Park,100004337.000000000000000,M042,B2B11A75-EF65-4990-B9C7-C19591B33336,DPR,"Dyckman St, Hudson River, Harlem River S",True,Inwood Hill Park,,31.000000000000000,6326.000000000000000,M042,M-12,T,M-12,M-12,F,34.000000000000000,F,Inwood Hill Park,Large Park,Community Park,http://www.nycgovparks.org/parks/M042/,13.000000000000000,T,1003310034.000000000000000,6283,2739,Bronx,NY,1,Still Desirable,B,B2,1,0,0,#7cb5bd
1549,1915-05-21 00:00:00.0000000,196.397999999999996,269 DYCKMAN STREET,M,PARK,112.000000000000014,9.999999999999998,M-12,Inwood Hill Park,100004337.000000000000000,M042,B2B11A75-EF65-4990-B9C7-C19591B33336,DPR,"Dyckman St, Hudson River, Harlem River S",True,Inwood Hill Park,,31.000000000000000,6326.000000000000000,M042,M-12,T,M-12,M-12,F,34.000000000000000,F,Inwood Hill Park,Large Park,Community Park,http://www.nycgovparks.org/parks/M042/,13.000000000000000,T,1003310034.000000000000000,6573,2660,Manhattan,NY,1,Best,A,A8,1,0,0,#76a865
1549,1915-05-21 00:00:00.0000000,196.397999999999996,269 DYCKMAN STREET,M,PARK,112.000000000000014,9.999999999999998,M-12,Inwood Hill Park,100004337.000000000000000,M042,B2B11A75-EF65-4990-B9C7-C19591B33336,DPR,"Dyckman St, Hudson River, Harlem River S",True,Inwood Hill Park,,31.000000000000000,6326.000000000000000,M042,M-12,T,M-12,M-12,F,34.000000000000000,F,Inwood Hill Park,Large Park,Community Park,http://www.nycgovparks.org/parks/M042/,13.000000000000000,T,1003310034.000000000000000,6576,2662,Manhattan,NY,1,Still Desirable,B,B11,1,0,0,#7cb5bd
1549,1915-05-21 00:00:00.0000000,196.397999999999996,269 DYCKMAN STREET,M,PARK,112.000000000000014,9.999999999999998,M-12,Inwood Hill Park,100004337.000000000000000,M042,B2B11A75-EF65-4990-B9C7-C19591B33336,DPR,"Dyckman St, Hudson River, Harlem River S",True,Inwood Hill Park,,31.000000000000000,6326.000000000000000,M042,M-12,T,M-12,M-12,F,34.000000000000000,F,Inwood Hill Park,Large Park,Community Park,http://www.nycgovparks.org/parks/M042/,13.000000000000000,T,1003310034.000000000000000,6577,2663,Manhattan,NY,1,Still Desirable,B,B12,1,0,0,#7cb5bd
1614,1888-12-08 00:00:00.0000000,127.500000000000000,1700 CROTONA AVENUE,X,PARK,203.000000000000000,17.000000000000000,X-03,Crotona Park,100005136.000000000000000,X010,308C0683-6CB1-4620-836B-6E76DF2CE6D3,DPR,"Crotona Park North to South, Fulton Av to Southern Blvd and Crotona Park East",True,Crotona Park,79.000000000000000,32.000000000000000,5649.000000000000000,X010,X-03,T,X-03,X-03,F,42.000000000000000,F,Crotona Park,Large Park,Flagship Park,http://www.nycgovparks.org/parks/X010/,15.000000000000000,F,104561045710460.000000000000000,6315,2750,Bronx,NY,1,Hazardous,D,D2,1,0,0,#d9838d
1614,1888-12-08 00:00:00.0000000,127.500000000000000,1700 CROTONA AVENUE,X,PARK,203.000000000000000,17.000000000000000,X-03,Crotona Park,100005136.000000000000000,X010,308C0683-6CB1-4620-836B-6E76DF2CE6D3,DPR,"Crotona Park North to South, Fulton Av to Southern Blvd and Crotona Park East",True,Crotona Park,79.000000000000000,32.000000000000000,5649.000000000000000,X010,X-03,T,X-03,X-03,F,42.000000000000000,F,Crotona Park,Large Park,Flagship Park,http://www.nycgovparks.org/parks/X010/,15.000000000000000,F,104561045710460.000000000000000,6316,2751,Bronx,NY,1,Hazardous,D,D3,1,0,0,#d9838d
1614,1888-12-08 00:00:00.0000000,127.500000000000000,1700 CROTONA AVENUE,X,PARK,203.000000000000000,17.000000000000000,X-03,Crotona Park,100005136.000000000000000,X010,308C0683-6CB1-4620-836B-6E76DF2CE6D3,DPR,"Crotona Park North to South, Fulton Av to Southern Blvd and Crotona Park East",True,Crotona Park,79.000000000000000,32.000000000000000,5649.000000000000000,X010,X-03,T,X-03,X-03,F,42.000000000000000,F,Crotona Park,Large Park,Flagship Park,http://www.nycgovparks.org/parks/X010/,15.000000000000000,F,104561045710460.000000000000000,6317,2752,Bronx,NY,1,Hazardous,D,D4,1,0,0,#d9838d
1614,1888-12-08 00:00:00.0000000,127.500000000000000,1700 CROTONA AVENUE,X,PARK,203.000000000000000,17.000000000000000,X-03,Crotona Park,100005136.000000000000000,X010,308C0683-6CB1-4620-836B-6E76DF2CE6D3,DPR,"Crotona Park North to South, Fulton Av to Southern Blvd and Crotona Park East",True,Crotona Park,79.000000000000000,32.000000000000000,5649.000000000000000,X010,X-03,T,X-03,X-03,F,42.000000000000000,F,Crotona Park,Large Park,Flagship Park,http://www.nycgovparks.org/parks/X010/,15.000000000000000,F,104561045710460.000000000000000,6318,2753,Bronx,NY,1,Hazardous,D,D5,1,0,0,#d9838d
1614,1888-12-08 00:00:00.0000000,127.500000000000000,1700 CROTONA AVENUE,X,PARK,203.000000000000000,17.000000000000000,X-03,Crotona Park,100005136.000000000000000,X010,308C0683-6CB1-4620-836B-6E76DF2CE6D3,DPR,"Crotona Park North to South, Fulton Av to Southern Blvd and Crotona Park East",True,Crotona Park,79.000000000000000,32.000000000000000,5649.000000000000000,X010,X-03,T,X-03,X-03,F,42.000000000000000,F,Crotona Park,Large Park,Flagship Park,http://www.nycgovparks.org/parks/X010/,15.000000000000000,F,104561045710460.000000000000000,6322,11383,Bronx,NY,1,Industrial,,Industrial,0,0,1,#000000
1822,1888-12-12 00:00:00.0000000,1146.430000000000064,3545 JEROME AVENUE,X,PARK,207208212.000000029802322,11.000000000000000,X-13,Van Cortlandt Park,100005066.000000000000000,X092,07994A1D-F2A5-48C7-8471-43C849E974B2,DPR,"Broadway, Jerome Ave,City Line,Van Cortlandt Pk S",True,Van Cortlandt Park,81.000000000000000,33.000000000000000,6421.000000000000000,X092,X-13,T,X-13,X-13,F,50.000000000000000,F,Van Cortlandt Park,Flagship Park,Flagship Park,http://www.nycgovparks.org/parks/X092/,15.000000000000000,F,104671047010471104217088.000000000000000,6279,2738,Bronx,NY,1,Best,A,A2,1,0,0,#76a865
1822,1888-12-12 00:00:00.0000000,1146.430000000000064,3545 JEROME AVENUE,X,PARK,207208212.000000029802322,11.000000000000000,X-13,Van Cortlandt Park,100005066.000000000000000,X092,07994A1D-F2A5-48C7-8471-43C849E974B2,DPR,"Broadway, Jerome Ave,City Line,Van Cortlandt Pk S",True,Van Cortlandt Park,81.000000000000000,33.000000000000000,6421.000000000000000,X092,X-13,T,X-13,X-13,F,50.000000000000000,F,Van Cortlandt Park,Flagship Park,Flagship Park,http://www.nycgovparks.org/parks/X092/,15.000000000000000,F,104671047010471104217088.000000000000000,6280,2737,Bronx,NY,1,Still Desirable,B,B1,1,0,0,#7cb5bd
1822,1888-12-12 00:00:00.0000000,1146.430000000000064,3545 JEROME AVENUE,X,PARK,207208212.000000029802322,11.000000000000000,X-13,Van Cortlandt Park,100005066.000000000000000,X092,07994A1D-F2A5-48C7-8471-43C849E974B2,DPR,"Broadway, Jerome Ave,City Line,Van Cortlandt Pk S",True,Van Cortlandt Park,81.000000000000000,33.000000000000000,6421.000000000000000,X092,X-13,T,X-13,X-13,F,50.000000000000000,F,Van Cortlandt Park,Flagship Park,Flagship Park,http://www.nycgovparks.org/parks/X092/,15.000000000000000,F,104671047010471104217088.000000000000000,6283,2739,Bronx,NY,1,Still Desirable,B,B2,1,0,0,#7cb5bd
1822,1888-12-12 00:00:00.0000000,1146.430000000000064,3545 JEROME AVENUE,X,PARK,207208212.000000029802322,11.000000000000000,X-13,Van Cortlandt Park,100005066.000000000000000,X092,07994A1D-F2A5-48C7-8471-43C849E974B2,DPR,"Broadway, Jerome Ave,City Line,Van Cortlandt Pk S",True,Van Cortlandt Park,81.000000000000000,33.000000000000000,6421.000000000000000,X092,X-13,T,X-13,X-13,F,50.000000000000000,F,Van Cortlandt Park,Flagship Park,Flagship Park,http://www.nycgovparks.org/parks/X092/,15.000000000000000,F,104671047010471104217088.000000000000000,6284,2774,Bronx,NY,1,Still Desirable,B,B3,1,0,0,#7cb5bd
1822,1888-12-12 00:00:00.0000000,1146.430000000000064,3545 JEROME AVENUE,X,PARK,207208212.000000029802322,11.000000000000000,X-13,Van Cortlandt Park,100005066.000000000000000,X092,07994A1D-F2A5-48C7-8471-43C849E974B2,DPR,"Broadway, Jerome Ave,City Line,Van Cortlandt Pk S",True,Van Cortlandt Park,81.000000000000000,33.000000000000000,6421.000000000000000,X092,X-13,T,X-13,X-13,F,50.000000000000000,F,Van Cortlandt Park,Flagship Park,Flagship Park,http://www.nycgovparks.org/parks/X092/,15.000000000000000,F,104671047010471104217088.000000000000000,6285,2741,Bronx,NY,1,Still Desirable,B,B4,1,0,0,#7cb5bd
1822,1888-12-12 00:00:00.0000000,1146.430000000000064,3545 JEROME AVENUE,X,PARK,207208212.000000029802322,11.000000000000000,X-13,Van Cortlandt Park,100005066.000000000000000,X092,07994A1D-F2A5-48C7-8471-43C849E974B2,DPR,"Broadway, Jerome Ave,City Line,Van Cortlandt Pk S",True,Van Cortlandt Park,81.000000000000000,33.000000000000000,6421.000000000000000,X092,X-13,T,X-13,X-13,F,50.000000000000000,F,Van Cortlandt Park,Flagship Park,Flagship Park,http://www.nycgovparks.org/parks/X092/,15.000000000000000,F,104671047010471104217088.000000000000000,6286,2745,Bronx,NY,1,Still Desirable,B,B5,1,0,0,#7cb5bd
1822,1888-12-12 00:00:00.0000000,1146.430000000000064,3545 JEROME AVENUE,X,PARK,207208212.000000029802322,11.000000000000000,X-13,Van Cortlandt Park,100005066.000000000000000,X092,07994A1D-F2A5-48C7-8471-43C849E974B2,DPR,"Broadway, Jerome Ave,City Line,Van Cortlandt Pk S",True,Van Cortlandt Park,81.000000000000000,33.000000000000000,6421.000000000000000,X092,X-13,T,X-13,X-13,F,50.000000000000000,F,Van Cortlandt Park,Flagship Park,Flagship Park,http://www.nycgovparks.org/parks/X092/,15.000000000000000,F,104671047010471104217088.000000000000000,6291,2740,Bronx,NY,1,Definitely Declining,C,C1,1,0,0,#ffff00
1822,1888-12-12 00:00:00.0000000,1146.430000000000064,3545 JEROME AVENUE,X,PARK,207208212.000000029802322,11.000000000000000,X-13,Van Cortlandt Park,100005066.000000000000000,X092,07994A1D-F2A5-48C7-8471-43C849E974B2,DPR,"Broadway, Jerome Ave,City Line,Van Cortlandt Pk S",True,Van Cortlandt Park,81.000000000000000,33.000000000000000,6421.000000000000000,X092,X-13,T,X-13,X-13,F,50.000000000000000,F,Van Cortlandt Park,Flagship Park,Flagship Park,http://www.nycgovparks.org/parks/X092/,15.000000000000000,F,104671047010471104217088.000000000000000,6323,11384,Bronx,NY,1,Commercial,,Commercial,0,1,0,#000000
1827,1937-09-13 00:00:00.0000000,205.310000000000002,,X,PARK,209.000000000000000,18.000000000000000,X-09,Soundview Park,100004770.000000000000000,X118,3098FBA1-AA8D-4541-BBFF-3F7D16D766D9,DPR,"Bronx River, Bronx River Ave. bet. Lafayette Ave., Surf Dr.",Part,Soundview Park,85.000000000000000,29.000000000000000,6210.000000000000000,X118,X-09,T,X-09,X-09,F,43.000000000000000,F,Soundview Park,Large Park,Flagship Park,http://www.nycgovparks.org/parks/X118/,14.000000000000002,T,10473.000000000000000,6310,2755,Bronx,NY,1,Definitely Declining,C,C6,1,0,0,#ffff00
1827,1937-09-13 00:00:00.0000000,205.310000000000002,,X,PARK,209.000000000000000,18.000000000000000,X-09,Soundview Park,100004770.000000000000000,X118,3098FBA1-AA8D-4541-BBFF-3F7D16D766D9,DPR,"Bronx River, Bronx River Ave. bet. Lafayette Ave., Surf Dr.",Part,Soundview Park,85.000000000000000,29.000000000000000,6210.000000000000000,X118,X-09,T,X-09,X-09,F,43.000000000000000,F,Soundview Park,Large Park,Flagship Park,http://www.nycgovparks.org/parks/X118/,14.000000000000002,T,10473.000000000000000,6311,2757,Bronx,NY,1,Definitely Declining,C,C7,1,0,0,#ffff00
1827,1937-09-13 00:00:00.0000000,205.310000000000002,,X,PARK,209.000000000000000,18.000000000000000,X-09,Soundview Park,100004770.000000000000000,X118,3098FBA1-AA8D-4541-BBFF-3F7D16D766D9,DPR,"Bronx River, Bronx River Ave. bet. Lafayette Ave., Surf Dr.",Part,Soundview Park,85.000000000000000,29.000000000000000,6210.000000000000000,X118,X-09,T,X-09,X-09,F,43.000000000000000,F,Soundview Park,Large Park,Flagship Park,http://www.nycgovparks.org/parks/X118/,14.000000000000002,T,10473.000000000000000,6312,2758,Bronx,NY,1,Definitely Declining,C,C8,1,0,0,#ffff00
1827,1937-09-13 00:00:00.0000000,205.310000000000002,,X,PARK,209.000000000000000,18.000000000000000,X-09,Soundview Park,100004770.000000000000000,X118,3098FBA1-AA8D-4541-BBFF-3F7D16D766D9,DPR,"Bronx River, Bronx River Ave. bet. Lafayette Ave., Surf Dr.",Part,Soundview Park,85.000000000000000,29.000000000000000,6210.000000000000000,X118,X-09,T,X-09,X-09,F,43.000000000000000,F,Soundview Park,Large Park,Flagship Park,http://www.nycgovparks.org/parks/X118/,14.000000000000002,T,10473.000000000000000,6313,2759,Bronx,NY,1,Definitely Declining,C,C9,1,0,0,#ffff00
1827,1937-09-13 00:00:00.0000000,205.310000000000002,,X,PARK,209.000000000000000,18.000000000000000,X-09,Soundview Park,100004770.000000000000000,X118,3098FBA1-AA8D-4541-BBFF-3F7D16D766D9,DPR,"Bronx River, Bronx River Ave. bet. Lafayette Ave., Surf Dr.",Part,Soundview Park,85.000000000000000,29.000000000000000,6210.000000000000000,X118,X-09,T,X-09,X-09,F,43.000000000000000,F,Soundview Park,Large Park,Flagship Park,http://www.nycgovparks.org/parks/X118/,14.000000000000002,T,10473.000000000000000,6320,2756,Bronx,NY,1,Hazardous,D,D7,1,0,0,#d9838d
1827,1937-09-13 00:00:00.0000000,205.310000000000002,,X,PARK,209.000000000000000,18.000000000000000,X-09,Soundview Park,100004770.000000000000000,X118,3098FBA1-AA8D-4541-BBFF-3F7D16D766D9,DPR,"Bronx River, Bronx River Ave. bet. Lafayette Ave., Surf Dr.",Part,Soundview Park,85.000000000000000,29.000000000000000,6210.000000000000000,X118,X-09,T,X-09,X-09,F,43.000000000000000,F,Soundview Park,Large Park,Flagship Park,http://www.nycgovparks.org/parks/X118/,14.000000000000002,T,10473.000000000000000,6322,11383,Bronx,NY,1,Industrial,,Industrial,0,0,1,#000000
1873,1864-06-15 00:00:00.0000000,526.250000000000114,95 PROSPECT PARK WEST,B,PARK,306307314309308.000000000000000,39.000000000000000,B-19,Prospect Park,100004003.000000000000000,B073,2E313F13-E826-45C6-8E10-C342CDE4D9A9,DPR,"Prospect Pk W, Flatbush, Parkside, Ocean Aves",False,Prospect Park,44.000000000000000,19.999999999999996,69238.000000000000000,B073,B-19,T,B-19,B-19,F,78.000000000000000,F,Prospect Park,Flagship Park,Flagship Park,http://www.nycgovparks.org/parks/B073/,9.999999999999998,F,11215.000000000000000,6335,2701,Brooklyn,NY,1,Still Desirable,B,B3,1,0,0,#7cb5bd
1873,1864-06-15 00:00:00.0000000,526.250000000000114,95 PROSPECT PARK WEST,B,PARK,306307314309308.000000000000000,39.000000000000000,B-19,Prospect Park,100004003.000000000000000,B073,2E313F13-E826-45C6-8E10-C342CDE4D9A9,DPR,"Prospect Pk W, Flatbush, Parkside, Ocean Aves",False,Prospect Park,44.000000000000000,19.999999999999996,69238.000000000000000,B073,B-19,T,B-19,B-19,F,78.000000000000000,F,Prospect Park,Flagship Park,Flagship Park,http://www.nycgovparks.org/parks/B073/,9.999999999999998,F,11215.000000000000000,6336,2716,Brooklyn,NY,1,Still Desirable,B,B4,1,0,0,#7cb5bd
1873,1864-06-15 00:00:00.0000000,526.250000000000114,95 PROSPECT PARK WEST,B,PARK,306307314309308.000000000000000,39.000000000000000,B-19,Prospect Park,100004003.000000000000000,B073,2E313F13-E826-45C6-8E10-C342CDE4D9A9,DPR,"Prospect Pk W, Flatbush, Parkside, Ocean Aves",False,Prospect Park,44.000000000000000,19.999999999999996,69238.000000000000000,B073,B-19,T,B-19,B-19,F,78.000000000000000,F,Prospect Park,Flagship Park,Flagship Park,http://www.nycgovparks.org/parks/B073/,9.999999999999998,F,11215.000000000000000,6337,2713,Brooklyn,NY,1,Still Desirable,B,B5,1,0,0,#7cb5bd
1873,1864-06-15 00:00:00.0000000,526.250000000000114,95 PROSPECT PARK WEST,B,PARK,306307314309308.000000000000000,39.000000000000000,B-19,Prospect Park,100004003.000000000000000,B073,2E313F13-E826-45C6-8E10-C342CDE4D9A9,DPR,"Prospect Pk W, Flatbush, Parkside, Ocean Aves",False,Prospect Park,44.000000000000000,19.999999999999996,69238.000000000000000,B073,B-19,T,B-19,B-19,F,78.000000000000000,F,Prospect Park,Flagship Park,Flagship Park,http://www.nycgovparks.org/parks/B073/,9.999999999999998,F,11215.000000000000000,6339,2709,Brooklyn,NY,1,Still Desirable,B,B7,1,0,0,#7cb5bd
1873,1864-06-15 00:00:00.0000000,526.250000000000114,95 PROSPECT PARK WEST,B,PARK,306307314309308.000000000000000,39.000000000000000,B-19,Prospect Park,100004003.000000000000000,B073,2E313F13-E826-45C6-8E10-C342CDE4D9A9,DPR,"Prospect Pk W, Flatbush, Parkside, Ocean Aves",False,Prospect Park,44.000000000000000,19.999999999999996,69238.000000000000000,B073,B-19,T,B-19,B-19,F,78.000000000000000,F,Prospect Park,Flagship Park,Flagship Park,http://www.nycgovparks.org/parks/B073/,9.999999999999998,F,11215.000000000000000,6345,2702,Brooklyn,NY,1,Definitely Declining,C,C12,1,0,0,#ffff00
1873,1864-06-15 00:00:00.0000000,526.250000000000114,95 PROSPECT PARK WEST,B,PARK,306307314309308.000000000000000,39.000000000000000,B-19,Prospect Park,100004003.000000000000000,B073,2E313F13-E826-45C6-8E10-C342CDE4D9A9,DPR,"Prospect Pk W, Flatbush, Parkside, Ocean Aves",False,Prospect Park,44.000000000000000,19.999999999999996,69238.000000000000000,B073,B-19,T,B-19,B-19,F,78.000000000000000,F,Prospect Park,Flagship Park,Flagship Park,http://www.nycgovparks.org/parks/B073/,9.999999999999998,F,11215.000000000000000,6362,2697,Brooklyn,NY,1,Definitely Declining,C,C5,1,0,0,#ffff00
1873,1864-06-15 00:00:00.0000000,526.250000000000114,95 PROSPECT PARK WEST,B,PARK,306307314309308.000000000000000,39.000000000000000,B-19,Prospect Park,100004003.000000000000000,B073,2E313F13-E826-45C6-8E10-C342CDE4D9A9,DPR,"Prospect Pk W, Flatbush, Parkside, Ocean Aves",False,Prospect Park,44.000000000000000,19.999999999999996,69238.000000000000000,B073,B-19,T,B-19,B-19,F,78.000000000000000,F,Prospect Park,Flagship Park,Flagship Park,http://www.nycgovparks.org/parks/B073/,9.999999999999998,F,11215.000000000000000,6363,2717,Brooklyn,NY,1,Definitely Declining,C,C6,1,0,0,#ffff00
1873,1864-06-15 00:00:00.0000000,526.250000000000114,95 PROSPECT PARK WEST,B,PARK,306307314309308.000000000000000,39.000000000000000,B-19,Prospect Park,100004003.000000000000000,B073,2E313F13-E826-45C6-8E10-C342CDE4D9A9,DPR,"Prospect Pk W, Flatbush, Parkside, Ocean Aves",False,Prospect Park,44.000000000000000,19.999999999999996,69238.000000000000000,B073,B-19,T,B-19,B-19,F,78.000000000000000,F,Prospect Park,Flagship Park,Flagship Park,http://www.nycgovparks.org/parks/B073/,9.999999999999998,F,11215.000000000000000,6389,2696,Brooklyn,NY,1,Hazardous,D,D9,1,0,0,#d9838d
