<PAMDataset>
  <Metadata>
    <MDI key="DataType">Generic</MDI>
  </Metadata>
  <Metadata domain="Esri">
    <MDI key="PyramidResamplingType">NEAREST</MDI>
  </Metadata>
  <PAMRasterBand band="1">
    <Description>pmaa10_300m</Description>
    <NoDataValue le_hex_equiv="000000A0FFFFEFC7">-3.40282306073710E+038</NoDataValue>
    <Histograms>
      <HistItem>
        <HistMin>5.851086139678955</HistMin>
        <HistMax>12.74289321899414</HistMax>
        <BucketCount>256</BucketCount>
        <IncludeOutOfRange>1</IncludeOutOfRange>
        <Approximate>0</Approximate>
        <HistCounts>10|36|111|165|207|189|183|205|178|174|141|135|139|123|109|103|120|137|140|186|183|265|230|218|212|225|191|204|179|173|153|138|153|126|115|119|107|108|104|107|95|109|114|125|93|98|84|99|87|98|83|95|100|77|63|72|93|89|60|62|63|54|60|63|46|40|35|41|40|37|32|41|27|41|33|29|35|37|29|27|27|37|16|26|23|32|21|17|25|23|15|10|13|16|15|15|21|16|14|13|13|10|19|13|16|17|20|7|11|7|10|14|2|11|15|12|13|8|9|9|13|12|12|10|12|12|9|7|7|9|11|6|6|4|8|3|6|6|7|1|2|4|4|3|5|3|3|3|6|2|4|2|2|1|5|2|5|1|5|4|5|4|2|2|1|1|2|3|4|3|1|2|1|1|5|0|2|0|3|0|2|4|2|2|2|1|0|0|1|1|2|1|1|1|1|5|2|1|0|0|0|2|1|0|2|1|0|1|1|1|2|2|0|1|0|0|1|0|2|0|0|1|1|0|0|1|0|1|1|0|1|1|0|0|0|2|1|0|0|0|1|0|0|0|2|0|1|0|0|1|1|0|0|0|0|1</HistCounts>
      </HistItem>
    </Histograms>
    <Metadata>
      <MDI key="RepresentationType">ATHEMATIC</MDI>
      <MDI key="STATISTICS_COVARIANCES">0.7999147869467729</MDI>
      <MDI key="STATISTICS_EXCLUDEDVALUES"></MDI>
      <MDI key="STATISTICS_MAXIMUM">12.742893218994</MDI>
      <MDI key="STATISTICS_MEAN">6.9089951613327</MDI>
      <MDI key="STATISTICS_MINIMUM">5.851086139679</MDI>
      <MDI key="STATISTICS_SKIPFACTORX">1</MDI>
      <MDI key="STATISTICS_SKIPFACTORY">1</MDI>
      <MDI key="STATISTICS_STDDEV">0.89437955418646</MDI>
    </Metadata>
  </PAMRasterBand>
</PAMDataset>
