<PAMDataset>
  <Metadata>
    <MDI key="DataType">Generic</MDI>
  </Metadata>
  <Metadata domain="Esri">
    <MDI key="PyramidResamplingType">NEAREST</MDI>
  </Metadata>
  <PAMRasterBand band="1">
    <Description>aa1_bc300m</Description>
    <NoDataValue le_hex_equiv="000000A0FFFFEFC7">-3.40282306073710E+038</NoDataValue>
    <Histograms>
      <HistItem>
        <HistMin>0.5688747763633728</HistMin>
        <HistMax>2.406610012054443</HistMax>
        <BucketCount>256</BucketCount>
        <IncludeOutOfRange>1</IncludeOutOfRange>
        <Approximate>0</Approximate>
        <HistCounts>4|14|44|57|61|69|70|80|81|51|49|56|51|54|30|35|27|27|36|40|49|43|61|68|86|75|80|81|99|121|130|118|99|123|103|74|95|74|100|99|99|108|103|112|132|120|122|97|122|108|97|133|121|114|143|118|113|118|149|114|103|107|104|100|76|107|87|88|81|65|70|75|62|49|52|67|74|65|85|75|71|71|74|61|68|58|59|56|70|64|67|68|52|64|69|52|47|48|51|48|46|41|50|49|39|41|45|40|23|50|38|37|33|49|50|45|32|42|58|52|35|35|32|42|36|31|18|35|20|22|17|27|15|20|13|15|18|15|13|12|16|13|7|15|23|16|10|18|10|15|12|11|18|10|7|5|9|14|9|7|9|9|9|10|7|4|7|7|5|3|10|4|7|3|7|6|7|7|3|2|5|3|8|2|3|1|4|5|3|5|3|5|6|5|1|3|2|2|3|3|4|1|3|0|1|1|4|2|0|0|1|1|0|0|1|1|0|1|1|0|0|0|0|0|0|0|0|1|0|0|0|0|1|0|0|0|0|0|0|0|0|1|1|0|0|0|1|0|0|0|0|0|0|0|1|1</HistCounts>
      </HistItem>
    </Histograms>
    <Metadata>
      <MDI key="RepresentationType">ATHEMATIC</MDI>
      <MDI key="STATISTICS_COVARIANCES">0.08047392649035577</MDI>
      <MDI key="STATISTICS_EXCLUDEDVALUES"></MDI>
      <MDI key="STATISTICS_MAXIMUM">2.4066100120544</MDI>
      <MDI key="STATISTICS_MEAN">1.0409018884339</MDI>
      <MDI key="STATISTICS_MINIMUM">0.56887477636337</MDI>
      <MDI key="STATISTICS_SKIPFACTORX">1</MDI>
      <MDI key="STATISTICS_SKIPFACTORY">1</MDI>
      <MDI key="STATISTICS_STDDEV">0.28367926693778</MDI>
    </Metadata>
  </PAMRasterBand>
</PAMDataset>
